"","국내야구","스트리머","수능","만화","리그.오브.레전드","포켓몬스터","프로듀스.X.101","기타.국내.드라마","아이돌마스터","인터넷방송"
"1","요즘 한국드라마 아시아에서 인기 다 떨어졌냐? ","와 저게 코칭이구나.","문과수능이 왜 문이 더 좁은거임?","고닉들 가입할때 쓴 이메일도 알 수 있음?","야 콧구멍","니들 랭크까봐 병신들아 130보다 높은 사람 없쥬? ㅋㅋ","야 그만도","아 빕 시작부터 또 ㅈㄴ암주네","좋아간다","아프리카는 주작기방 안잡냐 못잡냐"
"2","허준 추하노 ㅋㅋㅋ","사신갓 소풍이 남친생겨서 칩거중이냐?","알바자리 안구해지는데 알바가 진짜 개나소나 하는거냐?","다이맥스랑 거다이맥스랑 뭐가 다른거임?","본인 키 172인데 키큰 사람은 안부러움 .jpg","자시안 창파 도감작좀 도와줄사람","조봉계나 군지해","방탄은 진짜 멤버들끼리 죽고 못살아","지금 보면 노꼴 피규어","랜딩 별비 on"
"3","만원ㅋㅋㅋㅋㅋㅋㅋㅋㅋㅋㅋㅋㅋㅋㅋㅋㅋㅋㅋㅋㅋㅋㅋㅋㅋ","포켓몬 실력겜이긴하네 ㅇㅇ","연고대 인문은 어디가 쎔?","2010년대 최고의 러브코미디 만화.jpg","아니 솔직하게 코그모 잘크면 진짜 존나무섭지않어?","왜 제 아이앤트는 첫타부터 빗나가고","안성민 잘생겻다","아니 시벌 사람이 뭔 말이라도 해야지 맨날 정선아 정선아","지금 다시 스핀오프 연출 보는데 시발","팝읍에 BJ훈범방송서 남순이떳는데 개불쌍하다 ㅜㅜㅜ"
"4","정색 ㅋㅋㅋㅋㅋㅋㅋㅋㅋㅋㅋㅋㅋㅋㅋㅋㅋㅋㅋㅋㅋㅋㅋㅋㅋㅋㅋ","지금 피유팀 분위기좋은데 사신오지마라진짜ㅡㅡ","나 축하해줘","나루토 최강 간지남 ㄹㅇ...","야프리카 vs 코위치 떡밥 언제 올라옴?","얍얍이 뭔가 해서 찾아보니","스쉽 차기 ㄹㅇ","저러면서 멀어졌나","아 시발럼들 익헨 댓글봐ㅋㅋㅋㅋㅋㅋㅋ","별딩 on!   랜딩 방송"
"5","코리다이노스 ㅋㅋㅋㅋㅋㅋㅋㅋㅋㅋㅋ","지금 얍얍빠지고 자랭돌리는데","근데 불타는 합격이 불합격임","사스케 스사노오는 왜그리 쓰레기노","03","섀도볼 구함","나 진짜 궁금해서 그러는데 에어팟에 진짜로 귀지가 묻어?","저런 마누라 두고 바람 핀거냐","코페셜코슨 지금해도 못할수가 없는데","트위치는 진짜 보는게 정신병임"
"6","ㅋㅋㅋㅋㅋㅋㅋㅋㅋㅋㅋㅋㅋㅋㅋㅋㅋㅋㅋㅋㅋㅋㅋㅋㅋ정색","래퍼드하면 프하밖에 안떠오름 ㅋㅋ","서울대 의대 본과 2년간 약 4만ppt를 본다고 함....","에이스에 콜라 존맛이야","할짓없으면이거해라","염버니 5v 씀?","댓글달다보면 글 많이올라와잇네","제시카는 어떻게 됨?","아 오늘은 란제리로 해야겠다","혜린아. "
"7","철구 20년후 ㅋㅋㅋㅋㅋㅋ","차라리 인벤은 래퍼드 섭외 찔러보기라도 하지 ㅋㅋㅋㅋㅋ","고속 가채점에서 실채점","찐","롤육성하기힘들때 도와줄께2448","포케러스  주실분?","야 연당2","사불 제발회 영상으로 보니까 완전 다르다","혼다 한장컷 할매넘었네??","내년에 신규게임중에 할만한거 있음?"
"8","정색 ㅋㅋㅋㅋㅋㅋㅋㅋㅋㅋㅋㅋㅋㅋㅋㅋㅋㅋㅋㅋㅋㅋㅋㅋㅋㅋㅋㅋㅋㅋㅋㅋㅋㅋㅋㅋㅋ","동수칸 현재ㅋㅋㅋㅋㅋ...jpg","문과 11223싹다 컷에걸쳤는데","바키도는 바키 아님","고추 1cm 짧아질때마다 티어 한단계 오르면","형님들 팬텀 스킬트리좀 봐줘 제발","강행할거면 내새끼 빼줘","박성준 개새끼네 저런 부인 거르고 바람이라니","오 크롬정지하면 무한로딩 풀리네","혜린이 나만 차단한거 보소"
"9","호오ㅋㅋㅋㅋㅋㅋㅋㅋㅋㅋㅋㅋㅋㅋㅋㅋㅋㅋㅋㅋㅋㅋㅋㅋㅋ","겆줌들 포갤 씹창내는중 ㅋㅋㅋㅋㅋㅋㅋ","진학사 추합도 짜게잡냐","목둔 사기라는데 하나도 안 강해보임","꼴리면 자러간다","목도리키텔 도감작도와주세요","씨제이 시발년들아 내새끼 놔줘","방탄 악개들은 오늘 뉴스 보고 무슨 생각할까?","념글에 국산마스가 머냐","비제이들이 염보성이랑 합방하는걸 왜 좋아하냐고?"
"10","야준좌 흔드르라 ㅋㅋㅋㅋㅋ","자낳대 마지막 퍼즐.JPG","시립대 세무 누백 1.114면 안심해도 될까..?","아니 이게 머야","서폿할맛 존나안남","드디어 여기도 인방충 토템 하나 생기는거냐?","김장김치랑 수육","손에진 현빈 틀딱용이지","다들 옆에 무언가를 달고계시온데 무엇인가요","갓성은도 운은 진짜 안 따라주네 ㅋㅋㅋㅋㅋㅋㅋㅋㅋ"
"11","또 짤노우겠노","왜냐맨은 코치누구부르냐?","가슴보고 캐릭 맞추기","이타치가 쌤 나루토가 쌤??????????","근데 요즘 블루 정글이 먹는게 메타임?","드특 이브이 나오는 굴 위치가 어디임?","야 옴ㅁ맴매","아 방탄도 진짜 멍청하네","이쿠꼴짤","이채이가 여자 염보성아님?"
"12","뭐하노 ㅋㅋㅋㅋㅋㅋㅋㅋㅋㅋㅋㅋㅋㅋㅋㅋㅋㅋㅋㅋㅋㅋㅋㅋㅋㅋㅋㅋㅋㅋㅋㅋㅋㅋㅋㅋ","래퍼드는 아직 공혁준 원딜을 못봐서 저런거다 ㅋㅋㅋㅋㅋㅋㅋ","면허따면 어떤느낌일까 시발","난 나루토 드립중에 이게젤조음","근데 왜 2부 왜 챌린저스 코리아임?","얍얍 없엇으면 개찐따겜일거 수만명보게해줬더니","그린티 먹고싶다","방탄 근데 빅힛에서 너무 굴리는것 같긴 하더라","립스꼴림랭킹 후레>시키>재용>미카","철구가 김봉준 견제 카드로 아마 염보성 오기전까지는"
"13","ㅇㅇㅋㅋㅋ","호산이는 아무것도 안하니까 팀분위기 올라감ㅋㅋㅋ","ㄹㅇ 적성보는 대학은 거기서거기임","딱 벌려","난 여자가 무서워","라이츄는 진짜 더블 배틀 용인가","김우석 놔달라고 조봉계 와꾸로 딸치는 장애인년아 ","Sm은 이미 끝남 재기 불가능","나기 피규어도 이제 곧 나올거다","아 내일 시험인데 여친년이 자꾸 바지 내리네 ㅡㅡ"
"14","주리 씹 ㅋㅋㅋㅋㅋㅋㅋㅋㅋㅋㅋㅋㅋㅋㅋㅋㅋㅋㅋ","러너 팀 감독 누구임? ","과탐개념은 몇월에 끝냄?","카킹 좆밥들 그냥 다 뒤졌으면 좋겠다","랜덤 움짤5","총어 초라기 랜턴 구함","ㅇㅇ","정선이 우울증걸렸네","검머외 마동석에게 내리는 형벌","왁싱견들 망상은 레전드급이긴해"
"15","원효 ㅋㅋㅋㅋㅋㅋ","ㄹㅇ 근본팀.jpg","조폭이 나쁜게 아니야 ㅋ","그거 그림스포 마지막.JPG","롤 지금 새로시작하면 ","팩트) 얍얍이 안하면 트위치에서 아무도 안보는 병신겜","차준호 송형준 남도현 응원영상 한림에서 올려줫긔","슈돌 장윤정네 나오는거 신의한수네 존잼","아이프로 템 지금 안쓰면 똥되나","오늘밤 딸감투척"
"16","주리다 주리 ㅋㅋ","래퍼드 업적: C9가지고 아프리카 상대로 밴픽이기고 3대0 만듬","이과 수능만점인데...념글 보내주냐?","귀멸의칼날 재밌더라ㅇㅇ...","요즘같이어려울때 우리혜지들도뭉쳐야합니다","카포에라는 뭔 특성이 좋음?","[수달찬송가] 전능하신 우리 수달신께 피아노 연주ver.","이상윤은 저 뚱한표정으로 희노애락 다 표현중ㅋㅋ","투어때 혐린이 대상 이벤좀 열려고 그랬죠","랜딩X별비) 별딩 랜탁기방송 10시아님???"
"17","주리다 주리 ㅋㅋㅋㅋ","사신갓 지금 뭐하고있음","옾챗에 센텀올리면 정지먹으려나","눈사람 꺼지셈 난 거북이할꺼임 ㅋㅋ~","탑라인이 영향력이없다고?","매칭잡는거 취소 왜못함","그냥 강행할꺼라서 시기 간 보고 잇는거 같음","이승기 아이유 만약에 듀엣하면","빅젖리사 보자마자 웃겨서 님들보라고 들고옴","김봉준 이새퀴 왜 공지도 안쓰고 방송안키냐?"
"18","주리다이노스 뭔데 ㅋㅋㅋㅋ","근데 선호산은 어디감?","누백 8퍼로 시립 이과 스나하면 노양심이냐?","하시라마는 왜 이리 강해보이지가 않지","내거대쥬지에박힐한녀구함","흥나숭구함","도깅이 ㄹㅇ","질투에 미친 긷줌년 이게 흘러내린거랜다 ㅋㅋㅋㅋㅋ","후카 코노미 리오 카오리","이상호 솔방은 좆나 노잼인듯.ㅋㅋㅋ"
"19","08년생들 ㅗㅜㅑ...ㅋㅋㅋㅋㅋㅋㅋㅋㅋ","포켓몬저거 진행이 너무 느리네","가천대 적성 보는 수붕이들 있으면 들어와보셈","?? : 저새끼 또 애니노래 듣네","풀템모데vs풀템블라디미르","팩트) 얍얍이 시청자 2만명 얍얍이가 포켓몬 살려줌","새끼가 넘 좋아서 오히려 탈덕하고싶긔","그래서 뿡1탄 해체함???","생각해보니 저 쿄코때 적폐셜 하나만하고달림","성태 메인시간대 1등 올만에보네"
"20","주리ㅋㅋㅋ","혐석이팀 사신이 코칭해야지 ㅋㅋ","님들아 진학사 고속말고 하나더사라면 굳이 뮈사야될까","토라도라 진엔딩..jpg","야 민들레.gif","vs마리에서 거다이오롱털 첨봤는데 개멋있네","우리집 빨리 김장햇음 좋겟어","이상윤 개쓰레기 저런일 겪었는데 바람에 이혼하자고?","란코 속옷이 보고 싶으시다고요?","학식들 내일기말고사 치는새기 있냐?"
"21","주리ㅋㅋㅋㅋㅋㅋㅋㅋㅋㅋㅋㅋㅋㅋㅋㅋㅋㅋㅋㅋㅋㅋㅋㅋㅋ","레퍼드는 애초에 LCK 초대 우승팀 멤버였잔아","나 팔로우한 여수붕이 빨리 들어와라","편의점 가기 vs 안가기","남친이 요새들어 이기 민주화 이런 단어 쓰는데","대타출동 지진이나 은왕관이랑 바꿀사람","좃도온냐 머학","장나라 연기 못하네...","아 이거 1시간 적폐셜컷되나","또 그들만의 순수재미 원탑 똥보성 찬양질이네"
"22","자낳괴","애초에 저번에도 노다이아팀 개망하지 않았나?","인쇄소 전화거니까 어떤 틀딱이 화내는데 원래 불친절하냐?ㅅㄹ","나루토 읽으면서 페인 존나응원했다 ㅇㅇ","원피스 근황...jpg","팩트) 얍얍이 2팩토리 가진 금수저 니들 열등감 이해함","도깅이 머포 낼 한림갈려나","남친이 소송걸릴 때 여친은 입쳐닫고 쨔져있는 게 낫지","헬갤 이사람 말 왜이렇게 예쁘게함","아니 근데 별딩 합방왜함 ?"
"23","또 ㅋㅋㅋㅋㅋㅋㅋㅋㅋㅋㅋㅋㅋㅋㅋㅋㅋㅋㅋㅋㅋㅋㅋㅋㅋㅋㅋㅋㅋㅋㅋㅋㅋㅋㅋㅋㅋㅋ","오늘밤 딸감투척","아... 성대 뜨거운 합격 당했다...","흥갤콘이나 만들어야겠음.. ㅇㅇ","마이로 슈퍼하드캐리햇다.... ","얍얍 그만질투하고 랭킹 130위보다 높은애 인증해보던가ㅋㅋㅋ","단호박 튀김 존맛","방탄이 드라마배우냐?  와 여기서 처 지끼고들 처자빠져들 있어 어?","립스중에 제일 안꼴리는 년은?","별비야 선택 잘해라...gif"
"24","노잼성보다 웃기노 ㅋㅋㅋㅋㅋㅋㅋㅋㅋㅋㅋㅋㅋㅋ","사신: 탑 어떠셨어요? 미드 어떠셨어요?","이 지문들 그냥 읽어서 이해 되면 수능 국어는 혼자 공부 해도 된다.","카카시는 하는 말마다 레전드네 ㅋㅋㅋ","야, 뒷좌석!","도감작 중 어래곤 구함","24살에 취업하는거 늦은거긔?","방탄은 멤버들끼리는 사이 안좋은건 아닌듯","왜 갤로그차단이아니라 ip차단이지","임아니가 진짜로 전수찬한테 마음있음??????"
"25","주리다이노스ㅋㅋㅋㅋㅋㅋㅋㅋㅋㅋㅋㅋㅋㅋㅋㅋㅋㅋㅋㅋㅋㅋㅋㅋㅋㅋㅋㅋㅋ","흠.. 동수칸 사신때가 재밌었는데","경희대 공대가 원래 되게낮았더라","인싸용 사이다 ","그리핀갤 ㄹㅇ 좆망했네","와일드 에리어 가운데 있는 탑 같은건 도대체 뭐임","수달좋아 해달싫어","전광렬 씨 왜 이러심?ㅋ","쫑아는사춘기 원작 작가가 에케비 프로듀서란게 참","염보성 걔는 지코카피캣이라 지코 벗어날수가 없어"
"26","형범 ㅋㅋㅋㅋㅋㅋㅋㅋㅋㅋㅋㅋㅋㅋㅋㅋㅋㅋㅋㅋㅋㅋㅋㅋㅋㅋㅋ","호산팀 래퍼드들어오니까 확달라지네","학교에 성적구라치는애 있는데","문재앙 물가 존나 올려놨네","개념 가는법 추천시","팩트) 얍얍이가 진짜 프로대회 나가면 우승확정","턱신이는 군지나해","이상윤 : 정선아 정선아 정선아 ㅋㅋ","아 왜 좆말 완판 카운트다운할 때 기세에 휩쓸려서 쥬얼 다 털었지","밍꼬발랄정도면 연기 ㅅㅌㅊ냐?"
"27","자본주의맛 ㅋㅋㅋㅋㅋㅋㅋㅋㅋㅋㅋㅋㅋㅋㅋㅋㅋㅋㅋㅋㅋㅋㅋㅋㅋㅋ ","와 소우릎팀에 사신 코치 들어가면 레전드네","옵챗테러는 화력좋은 새벽에 하자","아 왜 난 아이콘 안주는데","롤망호 4/5 ㄱ","팩트) 얍얍이보다 잘하는 사람 이름 대라면 못 말함","어렸을때 갓김치 극혐했긔","박성준 그런데 저렇게 힘든 부인 냅두고 바람핀 거야?","고딩 디컵 혼딸 레전드","아래놈아  봉퀴 주적은 남견이야"
"28","노무춤 ㅋㅋㅋㅋㅋㅋㅋㅋㅋ","선호산 감독티어 최상위였노 ㅋㅋㅋㅋㅋㅋㅋㅋㅋㅋㅋㅋㅋㅋㅋㅋㅋ.","연고대 비교점 해줘봐","카카시가 말하는 암살의 뜻은 암튼 살인이아닐까?","노무현은 정말 대단한 인물같다.","브리무음 짤","긴장돼서 심정지 올 거 같음 진심","요즘보면 장나라가 관리 제일 잘한듯","씹레 치마속의 수수깨끼...","염보 엣지데리고 2만명찍을때가 제일"
"29","ㅅㅂㅋㅋㅋㅋㅋㅋㅋㅋㅋㅋㅋㅋㅋㅋㅋㅋㅋㅋㅋㅋㅋㅋㅋㅋㅋ","사신 일주일이 래퍼드 20분 코칭 급이네","넷상에선 개나소나 의대,키188 쥬지 18cm임","진짜 후반 카구야는 븅신이였음","아프리카 올타임 레전드.jpg","인방에서 포켓몬게임하는데 인방갤로 가야하는 이유는","낮처럼 동물갤열자","근데 장나라 유산한걸 이상윤한테 왜 저래??저때도 이상윤 바람폈어?","ㅅㅂ 이거뭐임","ㅋㅋㅋㅋㅋ애교용 취중진담 보소"
"30","주리 ㅋㅋㅋㅋㅋㅋㅋㅋㅋㅋㅋㅋㅋㅋㅋㅋ","강등팀 미드 출신 챔프 여러가지 쓴게 다인 사신에서","2개월뒤면 면허 딸 수 있는 나이 ㄷㄷㄷㄷㄷ","님들 저는 왜 트리가 아니라 야구공임?????","적팀에 탱커없으면 몰락말고 폭갈치명베인도 ㄱㅊ은것같음","어디 헤비볼 이브이 있는 인간 없나?","골차1군 올해초에 봊병크터져서 애미다빠짐","장나라 감정연기 쩐다","마동석 미국인이면 미필인가?","별딩 안키냐?"
"31","자본주의ㅋㅋㅋㅋㅋㅋㅋㅋㅋㅋㅋㅋㅋㅋㅋㅋㅋㅋㅋㅋㅋㅋㅋㅋㅋㅋㅋㅋㅋㅋㅋㅋㅋㅋㅋㅋ","롤드컵 c9보면 해설들이 항상 밴픽은 칭찬함","언제발표되노!!","푸고타 오늘 있었던 일 후로 만화글 자주쓰네","나도 고추 커지고십다","리액션혜자 포갤에 꿀팁드림","카톡 차단기능 ㄹㅇ 최강 으로 이용하는법","sm은 플라이투더스카이 때도 서로 연락 못하게 했었음","마동석 저거는 존나 보이는데","이상호는 어떻게 지금까지 군대 미룬거임?"
"32","산삼 ㅋㅋㅋㅋㅋㅋㅋㅋㅋㅋㅋㅋㅋㅋㅋㅋㅋㅋㅋㅋㅋㅋㅋㅋㅋ ","래퍼드 고평가라니 씨발 무리뉴가 괜히 맹구최고업적 2위라 하겠냐?","카페보면 이게 어머니 마음인듯...","선생님 좋아해요 봣는데 결말 씹창이네","원래 가붕이가 모데 이기냐?","팩트) 얍얍이 이길 새끼 포갤은 물론 포켓몬게이머 없음","남 남 도현 남 도 현 도 현 남","110.10 어그로질 좆나하더니 장나라빠였네","춤추는 코토리 모델링 움짤","염보성은 제대하고 보지코만 안 엮이면됨"
"33","시발ㅋㅋㅋ","래퍼드가 난놈이긴 하네 팀 가닥을 바로 잡네","근데 씨발 수갤이 뭔 서울대생소굴이냐?","무한츠크요미만 있으면...만붕이도 행복한 삶 사는데","ㄴ짤녀랑나랑 크리스마스에 같이손잡고다님","진솔이가 서렌쳐주면 얍얍 지지함","스쉽 차기 들어가고 싶은데 못들어가서 우는 애들도 있네","마리텔 전광렬 짤 ㅋㅋㅋㅋㅋ","아이리시맨이 왜 지루할수가잇지","별딩 on ㅋㅋ"
"34","야준좌 ㅋㅋㅋㅋㅋㅋㅋ","다시 생각해보면 아무리 래퍼드가 저렇게 해줘봐야.txt","갤러콘 확인","양말은 고닉 반고닉 그냥 다른거 없음?","랜덤 움짤 4","방송대회에서 스타팅6V이로치를 당당하게 꺼내네 ㅋㅋㅋㅋ","온냐들 강민희 왤케 싫어해","골디 중계어디서봐??","아사나기","여캠들 다남친있냐?"
"35","허준텐션뭐고ㅋㅋㅋㅋㅋㅋㅋㅋㅋㅋㅋㅋㅋㅋㅋㅋㅋㅋㅋㅋㅋㅋㅋㅋㅋㅋㅋㅋㅋ","동수칸 현재ㅋㅋㅋ......jpg","진학사 왤캐 떨어졌다 올랐다 하냐 씨발 이해가 안가네","표시되는 이모티콘이 몇개 있을까요","씹꼴리는 롤 스킨","포갤에서  얍얍까는 이유","비요뜨 가끔 사먹는데","죽은 아기 유도 분만하는거 잔인한 경험임","란코 2개 사고싶네","인벤채널에 박세준나옴 포켓몬해설로 지금"
"36","워호 ㅋㅋㅋㅋㅋㅋㅋㅋㅋㅋㅋㅋㅋㅋㅋㅋㅋㅋㅋㅋㅋㅋㅋㅋㅋㅋㅋ","근데 돌이켜봐도 그때 사신 심하긴했지.txt","혹시 예비 샤붕이들중에 면접 때 전도 받은 사람 있으면","이타치 ㅅㅂ놈","현 브론즈2인데 다4구간 부캐듀오할사람?","최초의 포켓몬 마스터 김성태 응원하자 얍얍화이팅","키트언제오냐","헐 진통까지하고 낳은거였네","마동석이 직접 가르치는 영어가 있다는데??","그냥 보성이 전역해서 섹독돼지랑만 안엮이면 됨"
"37","ㅋㅋㅋㅋㅋㅋㅋㅋ","래퍼드오니까 씨발 그 지옥이 한순간에 바뀌네 ㅋㅋㅋ","가천대 지원자 평균 수준ㅋㅋㅋㅋㅋㅋ","바키 1부 2부는 일뽕 그렇게 안심할텐데","롤 여캐들 모자이크 한거 원본","개체 상관없이 조심로토무좀 줄사람 있니","해달 씹머지뇬 수달깅이랑 부비지말긔.","방탄한테는 아미가 있다","으음.. 괜찮게보였는데 ","솔직히 별딩은 재결합가야지 ㄹㅇ."
"38","혜자 리액션 보소ㅋㅋㅋㅋㅋㅋㅋㅋㅋㅋㅋ","동수칸팀 지금ㅁ 말하는거누구임?","서울대 의대 본과 2년간 약 4만ppt를 본다고 함","카카시와 함께 야외에서 엉덩이를 흔드는 가이.gif","야짤 뭐냐고!","노보청 마하펀치 어캐 배움??","남도깅 벌써 고1이네","방탄애들 초심잃었노","ㅈㅅ한데 란코는 이미 제가 처녀막 뚫었거든요","염퀴 고닉들 수준 왜이러냐?"
"39","진심 저딴 게 재밌다고 박수치는 거 보니까 알만하네","스페이스가 애는 착해서 형들이랑 사이좋던데","계명의 vs 단국의","<U+0001F422> <U+0001F422> <U+0001F422> <U+0001F422> <U+0001F422> <U+0001F422> <U+0001F422> <U+0001F422>","아 오타쿠새끼들 죽여패고싶네","얍얍이 우승하면 포갤에 치킨 10마리 뿌린다","만두콘 처음 봤을 땐 개별로였는데 계속 쓰니까","오 장나라 연기 잘하누 ㅋㅋㅋㅋ","여기서 개미프린 드가면 완벽할거 같은데","자 까만형 사건 킹리적 갓심.."
"40","워호 ㅋㅋㅋㅋㅋㅋㅋㅋㅋㅋㅋㅋㅋㅋㅋㅋㅋㅋㅋㅋㅋㅋㅋㅋㅋㅋㅋㅋㅋㅋㅋㅋㅋㅋㅋㅋㅋ","호산이란사람이 유명한사람임? 왜냐맨급?","과탐잘봣는데 물보정이면 ㅈ됏네","마이트 가이는 평생 모쏠아다일거 같음","섹스하고싶다고 발정글 싸지말고","인벤채널에 박세준나옴 포켓몬해설로 지금","굴림은 입장문보다 디비디 판매 공지가 먼저노","한지민빠 공지용 샤레기ㅋ한지민 보정 없는 실물 12.21 강남 가봐","빵집 할것도없는데 마노 감사제나 돌릴까","원피스로 알아보는 아프리카 비제이.jpg"
"41","산삼ㅋㅋㅋㅋㅋㅋㅋㅋㅋㅋㅋㅋㅋㅋㅋㅋㅋㅋㅋㅋㅋㅋㅋㅋㅋㅋㅋㅋㅋ","정작팀분위기 조추첨때랑 다르게 혐석팀이 꼴지네","엥 나는 왜 트리가 아니라 야구공이냐?","아까 초록트리 뽑으랴고 개뻘짓함ㅋㅋ","모데카이저로 우르곳할만하니?","소니아 이년 어이가 없네 ㅋㅋㅋㅋ","강민희 조승연 레스토랑 갓던거 사진떳긔","카톡 차단기능 ㄹㅇ 최강 으로 이용하는법","아섹스","거루 다음으로 정지되야할 bj"
"42","리액션ㅋㅋㅋㅋㅋㅋㅋㅋㅋㅋㅋㅋㅋㅋㅋㅋㅋㅋㅋㅋㅋㅋㅋㅋㅋ","레퍼드가 원래 관종이라 이걸 기회로 친목, 인맥다지는거지","건물 어딘지 맞춰보셈 ㅇㅇ","카카시떡밥 개꿀잼이네 ㅋㅋ","삥뜯으려는 급식새끼들 참교육하고오는중","인방 욕하는 사람들은 인방 한번도 안보셨나봐요","온냐들 나 자랑하고 싶긔","골든글로브 시작했네","뭐임 누가 원룸용사 욕함?","별딩 백프로 재결합간다.gif"
"43","또 ㅋㅋㅋㅋㅋㅋㅋㅋㅋㅋㅋㅋㅋㅋㅋㅋㅋㅋㅋㅋㅋㅋㅋㅋㅋㅋㅋㅋㅋㅋㅋㅋㅋㅋㅋㅋㅋㅋ","우정잉도르 VS 롤드컵진출도르인데 당연히 대우가다르지 씨발 ㅋㅋㅋㅋ","설대 지균애들 수능 성적 어느정도냐","""크큭... 사륜안....""","쉬발 방금 칼바람해서 좆나 고통받았다","병신들 얍얍이한테 열등감 가져봤자 달라지는거 없음","거북선 리더분은 도대체 왜 그러셨던걸까,,,?","직능이 뭐임?","씹레 다음 이벤 뭐지","김봉준 오늘 휴방임???"
"44","개웃기네 ㅋㅋㅋ","래퍼드가 애초에 좆밥팀 감독 개잘함 ㅋㅋㅋㅋㅋㅋㅋㅋㅋㅋㅋㅋㅋ","토목쓰레기임?","카카시 레전드.jpg","강간당하려고 환장한 몸매","이로치 킬가르드 or 단칼빙 구한다~!!!!","해달싫어","아 장나라 존나 불쌍하다ㅜㅜ","앰창 씨발년들 갑자기 화나네 ","별랜딩 두줄로 알아보자"
"45","야준ㅋㅋㅋㅋㅋㅋㅋㅋ","야.. 근데 따효니는 돌겜이 맞네","시발 평생 서울대 못 갈 운명이라고 재수학원에서 못을 박네","뷰지가된 풍쟝.JPG","오늘 무무형 레전드냐?","악파 러스터캐논 레코드 구함","떴긔","마리텔 전광렬을 전하라고 부르는데 어울려ㅋㅋ","란코 꼴짤","이쯤에서 보는 혜린이 깜방 시절"
"46","혜자ㅋㅋㅋㅋㅋ","래퍼드 그래서 얍얍보다 돈 잘범???","학비 고려제외하고 시립공vs경희공","네지 첨봤을때 백안쓰는거 보고","정액도둑","5v 메타몽 구해요","도대체 씨제이가 말하는 조만간은","샤이니가 방탄 동방보다 노래 대중성 있어?","누가 또 그페얘기함","봉준이는 지금 남순이한테 진짜 잘해줘야 되는게"
"47","혜자ㅋㅋㅋㅋㅋ","재넌 존나 노빠꾸스타일이네 ㅋㅋㅋㅋㅋ","근데 코동욱이 왜 호불호가 갈리냐","이거 만화 제목 아는사람","입싸 삼키는 대신 뷰지빨기 vs 입싸 뱉는 대신 뷰지 안빨기","얍얍이가 즈그들보다 늦게 시작했는데 더 잘하니까 질투하냐?","헐......","현빈 배바지 해명해","먼가 굉장히 아사히스럽군","롤여캠들 청자 파워 개쌔네.상호 성태한테 발리네.,ㄷㄷ"
"48","허준 ㅋㅋㅋㅋㅋㅋㅋㅋㅋㅋㅋㅋㅋㅋㅋㅋㅋㅋㅋㅋㅋㅋㅋㅋㅋ ","래퍼드 말하는거가 존나 전문적인느낌","나도여친!!!!!!!!!!!!!!!!","신안을 놀러왔다가 몸이 변화해버린 여성.jpg","ㄴ 좆냥이일시 518은 민주화","진솔아 포갤하니?","남도현 내일 한림소집 꼭가시긔 오늘밤에 라면먹지말고","한드엔 웬 틀딱들밖에 없냐","아냐국에... 새로 들어온 이 사람 누구임..?","근데 합방소식을  굳이 오늘?"
"49","급발진 ㅋㅋㅋㅋ","갤에 똥숙견없다고 발작을 하더만 중계달리고잇내","눈사람 입갤","안드로이드 망가 이거 개웃기네ㅋㅋㅋㅋ","맥도날드: 감자튀김 전문 판매점. 롯데리아: 아이스크림 가게","가디안 실전에서 쓸만해?","대휘랑 조깅이가 조아","ㅇ박성준 왜 차장으로 떨어졌어?","마동석 생각보다 영어 잘하네","거발놈 드디어 정지 당했구나 ㅋㅋㅋㅋㅋㅋㅋㅋ"
"50","이잉ㅋㅋㅋㅋㅋㅋㅋㅋㅋㅋㅋㅋㅋㅋㅋㅋㅋㅋㅋㅋㅋㅋㅋㅋㅋ","기분나빠지면 모쏠아다인 만화","하앙","나루토는 스핀오프도 재밌음","이정도면 1인분 하는거냐 ??","포갤 리액션혜자노","스윙 브이앱 켜라고 하면 키는데 아니냐","지금 vip에서 나이 많아서 임신하면 저렇다고 한 사람 긷줌 반영한 듯","아 유튜브 밴스드 개좆같은어플 또 무현로딩 걸리네","염퀴들 서로 닉언급에 ㅈ목하는거봐 ㅋㅋㅋㅋ."
"51","혜자 ㅋㅋㅋㅋㅋㅋㅋㅋㅋㅋㅋㅋㅋㅋㅋㅋㅋㅋㅋㅋㅋㅋㅋㅋㅋㅋㅋ","사신 아까 지수소녀방에 있던데 ㅋㅋㅋㅋ","문과 설대 정시 누백이 0.2라는데 ㄹㅇ?","만능 디씨콘 소개시켜드림","오른도 왕귀챔이지?","한카리아스 완육 한마리 나눔한다","비요뜨 먹고싶다","근데 김건모 기사 내용이 너무 적나라한거 아니냐","속보)라팜으로 전시관리인 융합체 먹음","왤케 커엽지"
"52","광구 ㅋㅋㅋㅋㅋㅋㅋㅋㅋㅋㅋㅋㅋ","포켓몬방송 먼재미로 보는거임??","쥬지 길ㅇㅣ 18 ㅋㅋㅋㅋ 지랄말고","1~42 사이의 숫자 하나만 골라줘","랜덤 움짤 3","혼란한 갤에 야짤투척","황윤성 카페 목격","그룹은 그룹으로 있을때 제일 빛난다는 걸 방탄이 알아야 돼","아그냥 적폐셜해야겟다","임아니 살짝 마음있는거같은데?"
"53","좆준 ㅋ","정글 어떠셨어요? / 여기선 이렇게 했어야하고 다음엔 이렇게 하세요 ㅋㅋ","내신 2.05가 고대 학종 기계공학 최초합이면","무한 츠쿠요미 기계 발명하면 노벨상탈듯","래퍼드 피셜 ㅋㅋㅋ","약보낀 마휘핑 실전 간다 ㅋㅋㅋㅋ","헐 안성민 말고 다른 스쉽 연생까지 4명 목격됨 ㄷㄷㄷㄷ","방탄이 면죄 받을라고 햇냐?? 말을 바로해야지ㅋㅋ ","으아아아 섹스하고싶다섹스","애교용 방송 잘하네 ㅋㅋㅋㅋㅋ."
"54","허준ㅋㅋㅋㅋㅋㅋㅋㅋㅋㅋㅋㅋㅋㅋㅋㅋㅋㅋㅋㅋㅋㅋㅋㅋㅋㅋㅋㅋㅋㅋ","이거 념글 보내주면안되냐","서울대 의대 붙었당 !!!!ㅎㅎㅎㅎㅎ","크리스마스 디시콘 너무 귀엽다ㅋ","교복짤16","럽볼 가디안 구함","생일에 더블데이트 한 거면 따로 방잡았다고 ","정선아 4스택 적립","란코 팬티 안볼거야?","2만명보는 방송 채팅 올라가는속도"
"55","허준 똥꼬쇼 ㅋㅋㅋㅋㅋㅋㅋㅋㅋㅋㅋㅋ","무슨 야구 중계 하는놈도 있네?","야짤 달리면 볼거냐?","여친 임신중인데 시한부 선고 받음... 어캄...","김민아 마지막","포켓몬 다음작 최종보스 : 얍얍 ","그린티싫어","이상윤 시발놈","저거 팬티도 다 벗겨지는 거야?","남가는 그냥 지금처럼 느긋하게 방송하면됨 어차피 김봉준은"
"56","급발진 ㅋㅋㅋㅋㅋ","이게 진자 코칭이다..","대성 국어 질문 좀","초록트리뽑기1트","폭갈 너프예정 업냐???","얍얍이가 세계 100등이라고 질투하는 이유가 뭔가요","내새끼 누군지 알려줌 이젠 말하고 싶긔","상사 ㄹㅇ ㅈ같네ㅋㅋ기","란코 떡인지 꼴리는 걸루다가 추천좀","철구는 염보성 없었으면 진작에 김봉준한테 밟혔음"
"57","미쳤노ㅋㅋㅋㅋㅋㅋㅋㅋㅋㅋㅋㅋㅋㅋㅋㅋㅋㅋㅋㅋㅋㅋㅋㅋㅋ","와 저사람 c9 롤 감독이였네 ㅋㅋㅋㅋ","보지사진","스즈 야짤...jpg","ㄹㅇ딱 7년전 고등학교 평균.jpg","철시드나 너트령 스토리로 못씀?","방어회 먹어","동방 팬이었어서 갈라질때 다 지켜봤었음","란코 피규어 치마벗긴채로 호텔방 배경으로 장식해두고싶네","삼용이방 축제네 ㅋㅋㅋㅋ"
"58","리액션혜자 ㅋㅋㅋㅋ","래퍼드 왜이리 고평가함 ㅋ","너네들 서울대 왜 오고싶어하는거?","바키 좆노잼이네","음란한 에써르 메이드","얍얍이가 역대급 포켓몬 마스터 아님?? 현실 레드임 ","가지싫어","그놈의 정선아 타령 ㅋㅋ","란코응딩이 저거 좀 먹골이긴 함","랜딩X별비) 별딩 합방 보기전에 지금까지의이야기를 알아보자.jpg"
"59","급발진ㅋㅋㅋㅋㅋㅋㅋ","래퍼드피셜)평타싸개 ㅈ까 ","근데 물리 돌림힘 빠지고 뭐생긴겨?","""분명히 말하지만 난 카카시보다 강해! 알겠나?""","오늘 오뎅 먹는데 모르는 할아버지 간장에 찍어 먹음","한명이서 도배중이였네","까창년싫어","이상윤 맨날 눈만 똥그랗게 뜨고 연기함 ㅋㅋㅋ","소나기 ","염보는 비글즈로 뜬거아니자나 슈기랑 우결해서 "
"60","아앗.. 나만보엿노","ㅋㅋㅋㅋㅋㅋ 감나빗대전 ㅋㅋㅋ","ㅇㅇ","오버워치 클스마스 이벤트 하냐?","히토미 움짤","울머기 염버니로 흥나승 구함 ㅈㅂ","비요뜨 씨발 노무노무 마싯긔","정선아...","란코 팬티만이 아님","코자룡 씨발아."
"61","만원이랑 천원차이 너무나는데 ","사신 래퍼드 보니까 경력이 중요하긴해 ㅋㅋㅋㅋㅋㅋㅋㅋㅋㅋㅋㅋㅋㅋㅋ","솔까 중앙대 경희대 문과는 차이없는거 같음 ㅇㅇ","그냥 무한 츠쿠요미 쓰게 냅뒀으면 얼마나 좋아?","롤망호 4/5","폭거북스랑 물거미 나눔해주실분 ㅠㅠ","오늘 누구 목격담 떴어?????","신1화랑 지1오디는","아시히 왜 변신해도 가탁크로 변신하냐","ㅋㅋㅋ애교용 선넘노 ㅋㅋㅋ 임아니한테"
"62","만원 ㅅㅂ ㅋㅋㅋㅋㅋ","동수칸 사신때는 이악물고 회식얘기안하더니ㅋㅋㅋ","시립 세무 누백 1.114랑 경희 회계세무 1.857뜨는데...","마리 3D 모델링.jpg","김민아14","얍얍이 진짜 재능하나는 인정해야함 ㅇㅇ","오이싫어","김건모 피해자 유툽 내용 요약좀","으 근데 저걸 보겠다고 치마 까고 감상하는건 좀..","남순이 뷰봇관리 질문을 왜하냐 덮밥견아"
"63","급발진ㅋㅋㅋㅋㅋㅋㅋㅋㅋㅋㅋㅋㅋㅋㅋㅋㅋㅋㅋㅋㅋㅋㅋㅋㅋㅋㅋㅋㅋ","지수소녀 걍 마스터 실력이네","아 좃댔다","골덕작가 신작 저거 스토리도 본인이 짜는건가?","ㄹㅇ 이거 나인줄알았네","은왕관 정확한효과가 뭐야?","시발 브이앱 켜줘!","자연광에서 피부좋고 동안은 장나라 정도지","한남충들 란코팬티가 어쩌구 저쩌구","2020년 아프리카 판도.jpg"
"64","시발ㅋㅋㅋㅋㅋㅋㅋㅋㅋㅋㅋㅋㅋㅋㅋㅋㅋㅋㅋㅋㅋㅋㅋㅋㅋ","패작러랑 원챔충 외 싸움?","인쇄소 전화거니까 어떤 틀딱이 화내는데 원래 불친절하냐?ㅇ","클래스는 영원하다","현역선수중에 베인 제일 잘하는 원딜 누구임?","파티에 불비달마 드갈 자리있냐","백진옵 요즘 머하구 살긔","어휴 씨발 한남 상사","란코 엉덩이로 팬티 먹은 거 좋은 아이디어야","마이민 비키니"
"65","만원 ㅋㅋㅋㅋㅋㅋㅋㅋㅋㅋㅋㅋㅋㅋㅋㅋㅋㅋㅋㅋㅋㅋㅋㅋㅋ ","포켓몬 개꿀잼이네 ㅋㅋㅋ","건국,경희 장점은 뭐냐?","나루토는 텐텐이 ㄹㅇ 대꼴인데","풀템 블라디vs풀템 카사딘","고딩 디컵 혼딸 레전드","연어싫어","방탄도 이유가 있겠지만","아니 란코 엉덩이좀 그만올려 씹덕들아","상렬이형 서수기릿 합방 기대되네"
"66","맥심코리아 2019 성탄특집 미스맥심 우승자 김나정 아나운서 레드(B컷)","??? : 나도 팀장주면 잘할자신 있는데...","야근데 대성기숙 학원에서 메가시키면 욕먹냐?","이 짤 왤케 귀엽지","동네누나 지린다","ㄹㅇ 얍얍좌 포갤 갤주로서 첫대회 우승 자랑스럽다","정의의석앰 슼창년 라창에서부터꼭 '그 호모 상대' 까일때 유독 지랄남","현빈 손예진 결혼할거 같음?","아 란코 엉덩이 잘보고잇었는데 광고 씨발","■ 김건모가 반드시 승리해야하는 이유 ■"
"67","머하노 ㅋㅋㅋㅋㅋㅋㅋㅋㅋㅋㅋㅋㅋㅋㅋㅋㅋㅋㅋㅋㅋㅋㅋㅋㅋㅋㅋㅋㅋㅋㅋㅋㅋㅋㅋㅋ","래퍼드 개웃기누 ㅋㅋㅋㅋㅋㅋㅋㅋㅋㅋㅋㅋㅋㅋㅋㅋㅋㅋㅋㅋ","페북에서 봤는데 서양인 쥬지 ㄹㅇ크더라","치도리가 뇌절열화판아니냐","나만의상점 또여는거 실화냐","결국 이거 의미가 뭐임?","투표해 걍 누르기만 하면됨","이상윤 연기 진짜 못해","도나쓰님 특기 10연뽑으면 연출 뭔가 일베충같음","별딩은 재결합가야지ㅋㅋ.gif"
"68","ㄹㅇ 10년전에 신돈감성이네 딱 ㅋㅋㅋㅋㅋㅋㅋㅋㅋㅋㅋㅋ","이새기들 부끄럽게 포켓몬갤 씹창내네 ㅇㅇ","인서울 중하위권 졸업하고 국내 4대 기업중 한곳 근무중","고닉죽이기언제함?","이겜도 존나 모순적인거아님?","정상인이 포켓몬 오늘 시작해도 니들보단 잘할꺼같아","내일 배계린 새앨범","원래 멤버대 회사 싸우다가","전란코팬티같은거에 발정안함","고딩 디컵 혼딸 레전드"
"69","만원ㅋㅋㅋㅋㅋㅋㅋㅋㅋㅋㅋㅋㅋㅋㅋㅋㅋㅋㅋㅋㅋㅋㅋㅋㅋ","동숙이 씨발 사신이 코치해줄때랑 티키타가 차이 존나 심하네 애미 ㅋㅋ","이제 9급도 공급 과잉이면 뭐 남냐 ㅋㅋ","짤그려봄","01","팩트)) 느그들이랑 얍얍이랑 뜨면 100전 100패임 ㅅㄱ","룩앳더미 어디서봄?","국위선양은 무슨 교통신호위반하고 사람 죽을뻔했는데","란코팬티에 눈돌아간 한남들 역겹네","철구? 말년에 킴성태 봉준이한테 개처럼 맞다가 튐"
"70","만원 ㅋㅋㅋㅋㅋㅋㅋㅋㅋㅋㅋㅋㅋㅋㅋㅋㅋㅋㅋㅋㅋㅋㅋㅋㅋㅋㅋ","지금 동수칸 / 쌍베 / 옥자 다 코칭 받으면서 행복사 중임 ㅋㅋㅋㅋㅋㅋ","지구과학 오지훈 안듣는 새끼들 특)","강용석 서울대 하버드석사엿네","야식마렵네","소드실드에서 엘풍 어때","브이앱 내놔","직능이ㅜ뭐임?","오늘은 집가는 버스타기전에 국수먹고갈까","아 근데 이건 ㅈㄴ웃기네ㅋㅋㅍㅍㅋㅋ"
"71","만원ㅋㅋㅋㅋㅋㅋㅋㅋㅋㅋㅋㅋㅋㅋㅋㅋ","피유 문도 존나 잘하노 ㅋㅋ","애미씨발 왜 한문하고 제2외국어 안쳤냐고 지금묻네","절대가련칠드런 재밋슴?","롤붕이들에게 덧니 어떤지 물어본다...","5v 오롱털 다른거랑 교환 가능한 솨람","회가 존나 ㅆㅅㅌㅊ 갓음식인 이유","초콜릿 둘 말야","6명이네","알려고 하지마 남순님한테 쓴거니까"
"72","만원짜리 리액션 ㅋㅋㅋㅋㅋㅋㅋㅋㅋㅋㅋㅋㅋㅋㅋㅋㅋㅋㅋㅋㅋㅋㅋㅋㅋㅋㅋㅋㅋㅋㅋ","동수칸 현재ㅋㅋㅋ....jpg","이쯤에서 본인 팔로우 목록 공개한다","카카시 자기 오리지널 술법만 줄창써대는데 ","제이스 매드무비","근데 버섯 비싸게 사주는애 이번작은 없음?","골든차일드 wannabe 노래 좋은데","장나라 유산 했나보네","카톡 차단기능 ㄹㅇ 최강 으로 이용하는법","솔직히 철구도 염보 없었으면 무엔터에 따엿을걸"
"73","켕하 ㅋㅋ","자낳대 선수 정리된거 없냐","고속이나 진학사 정확한거임?","카카시랑 우보긴이랑 싸우면","롯데리아 맥도날드 맘스터치 버거킹 KFC 순위매겨바","드특은 변돌로도 반반이야?","기사링크)부정투표 멤버 나옴 ㄷㄷ","방탄 관계성으로 오지게 영업하더니 ㅋㅋㅋㅋ","아사히가 가면라이더로 변신해서 메구루한테 총쏘는짤","윤종 오메 택용은 염보 왜기다리냐 보라할 능력되자나"
"74","좆노잼 씨발ㅋㅋ","래퍼드피셜) 원딜은 CS나 먹는 노가다","타락천사 질문 받습니다... ★","백안은 왜 만화경 백안 없음","근대 보지냄새 심하다면서 왜빰?","짱깨들 집단구타만 쓰면 블스 존나냄","김민규 이진혁 혜화 떳긔","골든글로브 2020 노미 중계 있다","다들 란코팬티에 정신을 못차리네","<위대한의 방송 역사에 대해 써준다>"
"75","팡하 ㅋㅋㅋㅋㅋㅋㅋㅋㅋ","레퍼드는 저거 해주는 이유가 뭐냐? 지금도","가천대 성신여대 어디가 더쌤?내가 여대 입결을몰라서 ㅇ","만갤러들 설마 찐따냐?","고추빨아달라고","세준좌 마이크가 구린거였네","브이앱 켜!","방탄은 개인 sns못하는게 젤 답답할거 같음ㅋㅋ","어휴 한남새끼들","남순이는 나루토에 비유하자면 얘 아니냐?"
"76","만원ㅋㅋㅋㅋㅋㅋㅋㅋㅋㅋㅋㅋㅋㅋㅋㅋㅋㅋㅋㅋㅋㅋㅋㅋㅋㅋㅋㅋㅋ","왜냐맨은 아예 밴픽 다 짜왔네","진지하게 컴활따고 공무원 학원가서 공시파야겟네","만갤에 예전에 파이어펀치 1화 올라온거 삭제됨?","탑 못해먹겠노 ㅋㅋㅋ","스톤샤워 기머 구함","이 둘 무슨 사이일깡?","얘들아 가요무대 시작한다 보자","나기야 나기야 이리 날아 오너라","애피셜)) 임아니가 상호뺏으려고했었다"
"77","젠틀ㅋㅋㅋㅋㅋㅋㅋㅋㅋㅋㅋㅋㅋㅋㅋㅋㅋㅋㅋㅋㅋㅋㅋㅋㅋ","얍얍팀에 사신뿌라자 생각만해도 꿀잼각 ㅋㅋㅋㅋㅋㅋㅋㅋㅋㅋㅋㅋㅋ","건조한 환경 예민한사람잇냐","나는 아직도 무한 츠쿠요미의 꿈을 꾼다","술마시고 롤하는데 왜 다 이기지","별아상한 따라큐도 다보네","카톡 이모티콘 왤케 별로지 디씨콘이 더 좋긔","임신했던거 맞누","팬티 먹은거는 진짜 선넘었는데","여캠좀 찾아주십쇼 인방갤 형님들!!.jpg"
"78","광하 ㅋㅋㅋㅋㅋㅋㅋㅋㅋㅋㅋㅋㅋㅋㅋㅋㅋㅋㅋㅋㅋㅋㅋㅋㅋ ","한동숙 사신이랑 래너드 대우 왜 이렇게 다름?","내일 오전 9시 전공시험잇는데 공부안돼노","히나타보다 하나비가 더 예쁨","자꾸 롤할때 룬페누를때 효과음인지뭔지 자꾸 가끔씩들리는데 나만그래?","온라인 어캐사는게 제일싸나요","서가대 투표하고 왔긔","장나라 유산된거네","도장 하루에 팬 2만명정도 벌리네","짱교용 ㄹㅇ 예능감 지리네 ㅋㅋㅋㅋㅋㅋ"
"79","만원ㅋㅋㅋㅋㅋㅋㅋㅋㅋㅋㅋㅋㅋㅋㅋㅋㅋㅋㅋㅋㅋ","동수칸팀은 코치 꽉찬거같은데 그럼 사신은 어디감???","진지하게 자지 10cm이하 개추","마리 진짜 작네","명품상자 30개 질렀어요","얍얍이 뭔가보니까 하스했던애네","실기보는과 붙었긔","오늘 손예진 미친거 아니냐 ㅋㅋㅋ 와 ㅎㄷㄷㄷ","크르르르 란코팬티","아프리카 지금 노잼인이유.jpg"
"80","창렬ㄹ ㅋㅋㅋㅋ","동수칸 채팅창에 회식도르 보자마자 초대하네 ㅋㅋㅋ","우리반 여자애 쌍수했는데 ㄹㅇ존나 이뻐짐","암살용에 안성맞춤인 기술.jpg","모찌누나 이쁘네","알바는 당장 코드를 걸어라","언냐들 끄붕이 요리 잘해","암만봐도 이장우  임수향 사귀는듯","오우","썩순이가 지금 예전 악성 연예인 빠순이 보는거 같노ㅋㅋㅋ"
"81","먹튀네","래퍼드 한판피드백하고 바로 회식 같이하자고 제안받노ㅋㅋㅋ","논술충원 아무리높아도 50퍼는 못넘냐?","번개.....잘랐다고......","초시계존야 너프좀 ㄹㅇㅋㅋ","지금부터 명랑 5V 3유전기 염버니 한 박스 뿌린다","글신고 존나 좆같이 바꼈네","방탄 역겨운점","짱끼 저 캐릭 좀 꼴리는 캐릭임???","존나 남순님한테 어이없는게 많은데"
"82","ㅋㅋㅋㅋㅋㅋㅋㅋㅋㅋㅋㅋㅋㅋㅋㅋㅋㅋㅋㅋㅋㅋㅋㅋㅋㅋㅋㅋㅋㅋ","래퍼드 그래도 c9 레전드급 대우 어니냐","물리학교수 vs 의대교수 누가더똑똑함???","최고의 야구만화.jpg","내가 먼저 일방적으로 쳐냈는데","얍얍이처럼 세계 100등도 못하는 포갤허접들이 욕하네","턱신이는 앞으로도 잘안풀릴거긔","나정선 임신했었네 ㅋㅋㅋㅋㅋ","어깨가 너무 결려서 파스를 붙였어요","철구는 염보성덕분에 꿀 마니 빨았지"
"83","천원짜리 ㅋㅋㅋㅋ","한규형 밴픽 쉬움","나 타락했다... 질문받는다...","스위치 도네이션 받습니다. 젤다 전설 포함하면 더 좋구요","근데 도파 한국서버 못하는걸로아는데 가끔 한국섭하는거 대리야?","마스터볼 시세가 어떻게되나요","진짜 엽떡은 맛옶어","돈을 올려받든 아니든 함께해야지 만약 한명 나가면","1인당 생애주기 적자","하.. 4분후 별딩인데 볼거냐?."
"84","광하 ㅋㅋㅋㅋㅋㅋㅋㅋㅋㅋㅋㅋㅋㅋㅋㅋㅋㅋㅋㅋㅋㅋㅋㅋㅋㅋㅋ","동수칸 래퍼드 만난지 1시간 도안걸리고 회식 권유 ㅋㅋㅋㅋㅋㅋㅋㅋㅋㅋㅋㅋ","고속 연초(적정이랑 3점차이인가)인데 진학사 2칸... ㅁㅌㅊ?","히나타 닮은 여자애랑 같은반이었는데","고닉표시 애미뒤지게바꼈네ㅇ","얍창낫내","뉴이앰 언냐 이거 보시긔 스쉽 차기 숙소 ㅇㅇ","자살 ㅅㅂ ","란코 팬티가 진짜 미쳤다니까","●이상호 대통령아라며 ㅋㅋㅋㅋㅋㅋㅋ"
"85","야갤러들이 모르는거 보니 인싸짤 맞네 ㅋㅋㅋㅋ","ㅇ","나 지금 이거 보고 마음 심란해짐","고닉에 뭐 또 이상한거 다네 ","랜덤 움짤2","이러다 skt t1에서 데뷔하는거 아니냐?? 얍얍이","가리비 주문했는데 존나 비싸","문근영이는 너무 많이 울어","씹레 마스터 풀콤 못친거 50개 정도인데","남순님 존나 어이없네요"
"86","전하 ㅋㅋㅋㅋㅋㅋㅋㅋㅋㅋㅋㅋㅋㅋㅋㅋㅋㅋㅋㅋㅋㅋㅋㅋㅋ ","한동숙 ㅈ망 분위기에서 갓코칭 들으며 행복사중ㅋㅋㅋㅋㅋㅋㅋ","[속보] 최종훈 자살함.jpg","유동 아이피 감추는 꿀팁","요즘 좆유입들이 빠는 '엄준식' 과거","차단단어 얍얍으로 하면 해결되잖아","뿡 그냥 군지각이야?","문근영캐 끝까지 지밖에 모르네","피규어가 부끄러운게 아니라 그걸사는 자신이 부끄러운","별딩마지막화 ㅠㅠ"
"87","djㅋㅋㅋㅋㅋㅋㅋㅋㅋㅋㅋㅋㅋㅋㅋㅋㅋㅋㅋㅋㅋㅋㅋㅋㅋ","레퍼드는 돈줘야될걸 회식으로 퉁치는거지 ㅋㅋㅋ","유동이 신청하면 눈사람 주는거 커엽노 ㅋㅋ","나루토 빌딩세운거 ㄹㅇ 병신같았는데","여친 오줌 마시기 개추 vs 여친이 얼굴에 침 뱉어주기 비추","너트령은 다맥 거의 안 시키지?","윽신이 미스터트롯 꾸역꾸역 나갈바에","군대도 보석금면제 있어야 한다고 생각함","4년 뒤.gif","내년 염보성 김택용 박광우 셋이 위례에서 뭉칠거다"
"88","전하ㅋㅋㅋㅋㅋㅋㅋㅋㅋㅋㅋㅋㅋㅋㅋㅋㅋㅋㅋㅋㅋㅋㅋㅋㅋㅋㅋㅋㅋ","그때 회식 얘기들을라고 필리버스터 토크쇼하던거 생각하면ㅋㅋ","문법 노베이스","뭐임 유동도 옆에 뭐 달수있냐","7일안에 그랜드마스터 갈거임ㅇㅇ","이 게임에 프로가 있냐?? 얍얍이 데뷔해야 진짜 프로탄생임","머휘 커여워","김건모가 강간범이 맞는거야?","솔직히 피규어 별 생각없는데","염보 보라비제이에서 어느정도였냐 "
"89","디제이 ㅋㅋㅋㅋㅋㅋㅋㅋ","시발 소우릎 보다가 인섹보고 사신보다가 래퍼드보고 씹 ㅋㅋㅋㅋㅋㅋㅋㅋㅋㅋ","이과 올2컷이면 누백몇퍼정도임?","고딩 디컵 혼딸 레전드","김민아12","뉴비 마볼달성 실전팟","야 브이앱 켜!","vip광고 끝 보자 긷줌들아","뭐야 눈사람 안되잖아","남순이는 뷰봇관련 질문 반드시해야지"
"90","천원ㅋㅋㅋㅋㅋㅋㅋㅋㅋㅋㅋㅋㅋㅋㅋㅋㅋㅋㅋㅋㅋㅋㅋㅋㅋㅋㅋㅋㅋ","동수칸 이번코치 처음 보자마자 회식초대하네","육사갈건데 학원끊고 대성만해도 될까??","미소녀가 되고싶다","우리혜지들도뭉쳐야합니다","렌탈티 제도가 ㅈ노답인게","김요한 프사 애미들이 다 보는거 알고올리는거겠지?","김건모는 왜 자꾸 콘서트 열고 누워서 노래 부르는거야?","디비전... 사라고...","꿀탱탱 임선비랑 헤어진것도"
"91","dj허준 ㅋㅋㅋㅋ","사신 분노의 펨코 글 작성ㅋㅋㅋㅋ","아니 ㅅㅂ 쥬지 18센지가 가능해?","카피닌자 카카시(뇌절만 씀)","롤 개씨발 팀운 ㅋㅋㅋㅋ","극딜님피아 노력치에 스핏업는데 선공이됌?","룩엣더미 HA","최근 소속사 분쟁 있던 연옌들 다 소속사 나오긴 함","치유키 코가네 린제 유닛어떰","진짜 철구 제대하고도 염보한테 갤 뺏길지 궁금하긴함 ㅋㅋ"
"92","천원ㅋㅋㅋㅋㅋㅋㅋㅋㅋㅋㅋㅋㅋㅋㅋㅋㅋㅋㅋㅋㅋㅋㅋㅋㅋ","사신 이새끼 비집고 들어갈 자리 졷얍팀밖에 없겠네 ㅋㅋㅋㅋㅋㅋㅋㅋㅋㅋ","자야지 4시기상 예정","나루토 보면서 가장 실망했을때가","상위 티어 보다가 내 리플 보니까 문제점 한가지 보임","님들 내마위 트위터편 나옴 ㅋㅋ","엽떡에 베이컨추가","방탄 뷔랑 진은 빨리 배우 데뷔해야지","근데 이거 엉덩이가 팬티 먹은건가","엔젤 두환"
"93","문화 ㅋㅋㅋㅋㅋㅋㅋㅋㅋㅋㅋㅋㅋㅋㅋㅋㅋㅋㅋㅋㅋㅋㅋㅋㅋㅋㅋㅋㅋㅋㅋㅋㅋㅋㅋㅋㅋ","잘못하면 이분도 자낳대 하고 있었을듯.jpg","진지하게 경희공대 vs 시립대","마동석 생각보다 영어 잘하네","노브라 꼭지","켄타로스 등심 스테이크","엘사안나 호모갤 설국열차갤러리","엑소에서 시우민이 제일 귀여운데 이번 활동 시우민이 없어서 영","@갤에 성인 피규어 모으는 취미도 있잖아","남순이가 봉준이 눈치를 볼 필요가 없음"
"94","디제이 ㅋㅋㅋㅋㅋㅋㅋㅋㅋㅋㅋㅋㅋㅋㅋㅋㅋㅋㅋㅋㅋㅋㅋㅋㅋ ","조기축구하는데 프리미어리그출신 감독을 대려와?","아니 왜 내 댓글엔 찐밖에 안달리냐","나루토 꼴리는 캐.jpg","진자 최시원 반만 닮고싶다 존나 잘생겼네 하","그래서 여기서 얍얍이보다 랭크 높은얘 몇명있는데 ㅋㅋㅋ","샤브샤브랑 월남쌈 먹고싶긔","양준일 팬카페 방문수 하루 33만명 ㄷㄷ","효리 카호 아마나 조합나옴?","별딩 5분전ㅋㅋ  별비 표정 보고싶눜ㅋ"
"95","DJ허준ㅁㅋㅋㅋㅋㅋㅋㅋㅋㅋㅋㅋㅋㅋㅋㅋㅋㅋㅋㅋㅋㅋㅋㅋㅋㅋㅋㅋㅋㅋㅋㅋㅋㅋㅋㅋ","루사시청자폭왤캐 만흥","어느정도까지가 좆반고냐","근데 무한츠쿠요미 왜 하면안되냐","삭재업)일본...공중파...레전드녀...jpg","스트리머 갤러리를 대표해서 사과드립니다....","조승연 이한결 남도현 가로수길","자살함?","@붕이 어린시절...추억의 애니채널...","않이 근데 별딩인가 보니깐 2,300따리더만"
"96","DJ허준 ㅋㅋㅋㅋㅋㅋㅋㅋㅋㅋㅋㅋㅋㅋㅋㅋㅋㅋㅋㅋㅋㅋㅋㅋㅋㅋ ","아니 씨발 포켓몬 대회 이거 몇시까지 하는거야","서성한 이상 정시로 가는거보다 9급공무원이 쉽지않나","이거 뭐냐","짤녀한테 똥꼬빨리기 vs 짤녀 똥꼬빨기","대회 하는거 봤는데 얍얍인지 뭔지 몰라도","엽떡 먹고 싶긔","고딩 디컵 혼딸 레전드","한국 방영한 좆본애니 하면 이누야샤가 ㄹㅇ인데","썩견, 남견, 가축, 봉퀴보다 저정도면 찬양을넘어 종교수준아니냐"
"97","거의 10년전 네이버 붐 감성인데 ㄹㅇ","얍얍이 진짜 운은 좆나게 없네 ㅋㅋㅋ","인서울 다 떨어지고 전문대 넣었다..  떴냐?","근데 끝까지 재밌던건 나루토밖에 없었다","고추 빨아줘",NA,"남앰들 여기서 남 찾는 eu","진정한 슈퍼스타란?","와 란엉코덩이 뭐야","염짱성 전역 3개월 남음. 100일후 롤판 먹는다."
"98","dj허준 ㅋㅋㅋㅋㅋㅋㅋㅋㅋㅋㅋㅋㅋㅋㅋㅋㅋㅋㅋㅋㅋㅋㅋㅋㅋㅋㅋ","무슨세준인지 하는 사람 일본 포덕들한테 존나 유명하던데","나 쥬지 18cm인데","그림자분신술 왜 금지술법이었지","개념가는법.jpg",NA,"오늘 실기하는데 어떤 온냐","손예진 송혜교 둘다 ","이게 가불기인가 뭔가 하는거냐","임아니말하는데 딱느꼇다"
"99","허준ㅋㅋㅋㅋㅋㅋㅋㅋㅋㅋㅋㅋㅋㅋㅋㅋㅋㅋㅋㅋㅋㅋㅋㅋㅋ",NA,"안드로이드 백그라운드에서 음악 재생 가능한 앱 ","먹던 피자를 빼앗긴 마리.jpg","요즘 말자하 ㄹㅇ 개씹구데기같은데",NA,NA,"동방도 동방 대 소속사로 싸우다 스엠에서 두명",NA,"갓성은 그만좀 실망해 이색기야 ㅋㅋㅋㅋ"
"100",NA,NA,NA,NA,NA,NA,NA,NA,NA,NA
